[
  {
    "id": 0,
    "name": "SMC Vila",
    "picture": "images/scottish-terrier.jpg",
    "price": 3,
    "Description": "Scottish Terrier",
    "Location": "Lisco, Alabama"
  },
  {
    "id": 1,
    "name": "SRM housing",
    "picture": "images/scottish-terrier.jpg",
    "Price": 3,
    "Description": "Scottish Terrier",
    "location": "Tooleville, West Virginia"
  },
  {
    "id": 2,
    "name": "MHP house",
    "picture": "images/french-bulldog.jpg",
    "Price": 2,
    "Description": "French Bulldog",
    "location": "Freeburn, Idaho"
  },
  {
    "id": 3,
    "name": "SR vila",
    "picture": "images/boxer.jpg",
    "Price": 2,
    "Discription": "Boxer",
    "location": "Camas, Pennsylvania"
  },
  {
    "id": 4,
    "name": "Kutir Bari",
    "picture": "images/french-bulldog.jpg",
    "Price": 2,
    "Description": "French Bulldog",
    "location": "Gerber, South Dakota"
  },
  {
    "id": 5,
    "name": "Rongdhonu",
    "picture": "images/french-bulldog.jpg",
    "Price": 3,
    "Description": "French Bulldog",
    "location": "Innsbrook, Illinois"
  },
  {
    "id": 6,
    "name": "Shat Rong",
    "picture": "images/golden-retriever.jpg",
    "Price": 3,
    "Description": "Golden Retriever",
    "location": "Soudan, Louisiana"
  },
  {
    "id": 7,
    "name": "SR housing",
    "picture": "images/golden-retriever.jpg",
    "Price": 3,
    "Description": "Golden Retriever",
    "location": "Jacksonwald, Palau"
  },
  {
    "id": 8,
    "name": "BSRM housing",
    "picture": "images/french-bulldog.jpg",
    "Price": 2,
    "Description": "French Bulldog",
    "location": "Honolulu, Hawaii"
  },
  {
    "id": 9,
    "name": "Bosundhora",
    "picture": "images/boxer.jpg",
    "Price": 3,
    "Description": "Boxer",
    "location": "Matheny, Utah"
  },
  {
    "id": 10,
    "name": "Waltone",
    "picture": "images/boxer.jpg",
    "Price": 2,
    "Description": "Boxer",
    "location": "Tyhee, Indiana"
  },
  {
    "id": 11,
    "name": "Jomuna housing",
    "picture": "images/scottish-terrier.jpg",
    "Price": 3,
    "Description": "Scottish Terrier",
    "location": "Windsor, Montana"
  },
  {
    "id": 12,
    "name": "Shopnonir",
    "picture": "images/french-bulldog.jpg",
    "Price": 3,
    "Description": "French Bulldog",
    "location": "Kingstowne, Nevada"
  },
  {
    "id": 13,
    "name": "Abashon",
    "picture": "images/golden-retriever.jpg",
    "Price": 4,
    "Description": "Golden Retriever",
    "location": "Sultana, Massachusetts"
  },
  {
    "id": 14,
    "name": "Durprobash",
    "picture": "images/golden-retriever.jpg",
    "Price": 2,
    "Description": "Golden Retriever",
    "location": "Broadlands, Oregon"
  },
  {
    "id": 15,
    "name": "Green house",
    "picture": "images/golden-retriever.jpg",
    "Price": 2,
    "Description": "Golden Retriever",
    "location": "Dawn, Wisconsin"
  }
]
